{"cameraMode":{"drawMode":0,"name":"Shaded","section":"Shading Mode"},"sceneLighting":false,"audioPlay":false,"sceneViewState":{"showFog":true,"showMaterialUpdate":false,"showSkybox":true,"showFlares":true,"showImageEffects":true,"showParticleSystems":true},"in2DMode":false,"pivot":{"x":9.494855880737305,"y":10.548200607299805,"z":10.143169403076172},"rotation":{"x":0.02099240943789482,"y":0.0239923894405365,"z":0.0005039142561145127,"w":-0.9994916319847107},"size":3.3354501724243166,"orthographic":false}