{"cameraMode":{"drawMode":0,"name":"Shaded","section":"Shading Mode"},"sceneLighting":false,"audioPlay":false,"sceneViewState":{"showFog":true,"showMaterialUpdate":false,"showSkybox":true,"showFlares":true,"showImageEffects":true,"showParticleSystems":true},"in2DMode":false,"pivot":{"x":1.2024515867233277,"y":-0.7457046508789063,"z":6.6657586097717289},"rotation":{"x":-0.23611712455749513,"y":0.032056987285614017,"z":-0.007794474251568317,"w":-0.9711644053459168},"size":53.95375442504883,"orthographic":false}