{"cameraMode":{"drawMode":0,"name":"Shaded","section":"Shading Mode"},"sceneLighting":false,"audioPlay":false,"sceneViewState":{"showFog":true,"showMaterialUpdate":false,"showSkybox":true,"showFlares":true,"showImageEffects":true,"showParticleSystems":true},"in2DMode":false,"pivot":{"x":9.494855880737305,"y":10.548200607299805,"z":10.143169403076172},"rotation":{"x":0.11045721173286438,"y":-0.1916550099849701,"z":0.02171264961361885,"w":0.9749852418899536},"size":5.664724826812744,"orthographic":false}