{"cameraMode":{"drawMode":0,"name":"Shaded","section":"Shading Mode"},"sceneLighting":false,"audioPlay":false,"sceneViewState":{"showFog":true,"showMaterialUpdate":false,"showSkybox":true,"showFlares":true,"showImageEffects":true,"showParticleSystems":true},"in2DMode":false,"pivot":{"x":4.683291435241699,"y":-0.12515640258789063,"z":-0.25682640075683596},"rotation":{"x":0.07041870057582855,"y":0.02543424442410469,"z":-0.0017960843397304416,"w":0.9971916079521179},"size":7.743854522705078,"orthographic":false}