{"cameraMode":{"drawMode":0,"name":"Shaded","section":"Shading Mode"},"sceneLighting":false,"audioPlay":false,"sceneViewState":{"showFog":true,"showMaterialUpdate":false,"showSkybox":true,"showFlares":true,"showImageEffects":true,"showParticleSystems":true},"in2DMode":false,"pivot":{"x":3.423243761062622,"y":0.07848276942968369,"z":-0.08877569437026978},"rotation":{"x":0.04348612576723099,"y":-0.0029965408612042667,"z":0.00013045275409240276,"w":0.9990496039390564},"size":8.400833129882813,"orthographic":false}